{
  "auditReportVersion": 2,
  "vulnerabilities": {
    "xlsx": {
      "name": "xlsx",
      "severity": "high",
      "isDirect": true,
      "via": [
        {
          "source": 1108110,
          "name": "xlsx",
          "dependency": "xlsx",
          "title": "Prototype Pollution in sheetJS",
          "url": "https://github.com/advisories/GHSA-4r6h-8v6p-xvw6",
          "severity": "high",
          "cwe": [
            "CWE-1321"
          ],
          "cvss": {
            "score": 7.8,
            "vectorString": "CVSS:3.1/AV:L/AC:L/PR:N/UI:R/S:U/C:H/I:H/A:H"
          },
          "range": "<0.19.3"
        },
        {
          "source": 1108111,
          "name": "xlsx",
          "dependency": "xlsx",
          "title": "SheetJS Regular Expression Denial of Service (ReDoS)",
          "url": "https://github.com/advisories/GHSA-5pgg-2g8v-p4x9",
          "severity": "high",
          "cwe": [
            "CWE-1333"
          ],
          "cvss": {
            "score": 7.5,
            "vectorString": "CVSS:3.1/AV:N/AC:L/PR:N/UI:N/S:U/C:N/I:N/A:H"
          },
          "range": "<0.20.2"
        }
      ],
      "effects": [],
      "range": "*",
      "nodes": [
        "node_modules/xlsx"
      ],
      "fixAvailable": false
    }
  },
  "metadata": {
    "vulnerabilities": {
      "info": 0,
      "low": 0,
      "moderate": 0,
      "high": 1,
      "critical": 0,
      "total": 1
    },
    "dependencies": {
      "prod": 115,
      "dev": 0,
      "optional": 16,
      "peer": 1,
      "peerOptional": 0,
      "total": 131
    }
  }
}
